{
  "success": true,
  "timestamp": 1670104743,
  "source": "USD",
  "quotes": {
    "USDAED": 3.672504,
    "USDAFN": 88.249895,
    "USDALL": 110.959919,
    "USDAMD": 389.972,
    "USDANG": 1.78963,
    "USDAOA": 506.271704,
    "USDARS": 167.650771,
    "USDAUD": 1.47145,
    "USDAWG": 1.8025,
    "USDAZN": 1.70397,
    "USDBAM": 1.856066,
    "USDBBD": 2.019075,
    "USDBDT": 102.450486,
    "USDBGN": 1.871714,
    "USDBHD": 0.377129,
    "USDBIF": 2070.633452,
    "USDBMD": 1,
    "USDBND": 1.349371,
    "USDBOB": 6.909988,
    "USDBRL": 5.219504,
    "USDBSD": 1.000047,
    "USDBTC": 5.8996367e-05,
    "USDBTN": 81.233879,
    "USDBWP": 12.903345,
    "USDBYN": 2.525077,
    "USDBYR": 19600,
    "USDBZD": 2.015753,
    "USDCAD": 1.34955,
    "USDCDF": 2050.000362,
    "USDCHF": 0.935935,
    "USDCLF": 0.032019,
    "USDCLP": 883.503912,
    "USDCNY": 7.024704,
    "USDCOP": 4768.07,
    "USDCRC": 598.130486,
    "USDCUC": 1,
    "USDCUP": 26.5,
    "USDCVE": 104.640569,
    "USDCZK": 23.116804,
    "USDDJF": 178.021352,
    "USDDKK": 7.054604,
    "USDDOP": 54.730249,
    "USDDZD": 138.160854,
    "USDEGP": 24.571293,
    "USDERN": 15,
    "USDETB": 53.455943,
    "USDEUR": 0.94904,
    "USDFJD": 2.19495,
    "USDFKP": 0.813599,
    "USDGBP": 0.813008,
    "USDGEL": 2.69504,
    "USDGGP": 0.813599,
    "USDGHS": 14.100119,
    "USDGIP": 0.813599,
    "USDGMD": 62.000356,
    "USDGNF": 8622.538553,
    "USDGTQ": 7.848066,
    "USDGYD": 209.328588,
    "USDHKD": 7.79025,
    "USDHNL": 24.688019,
    "USDHRK": 7.163404,
    "USDHTG": 141.500356,
    "USDHUF": 388.940388,
    "USDIDR": 15376.7,
    "USDILS": 3.40605,
    "USDIMP": 0.813599,
    "USDINR": 81.437504,
    "USDIQD": 1459.511269,
    "USDIRR": 42400.000352,
    "USDISK": 141.103816,
    "USDJEP": 0.813599,
    "USDJMD": 153.83535,
    "USDJOD": 0.709304,
    "USDJPY": 134.31504,
    "USDKES": 122.650385,
    "USDKGS": 84.450385,
    "USDKHR": 4113.024911,
    "USDKMF": 466.782504,
    "USDKPW": 899.907131,
    "USDKRW": 1299.320384,
    "USDKWD": 0.30652,
    "USDKYD": 0.833405,
    "USDKZT": 470.158956,
    "USDLAK": 17317.295374,
    "USDLBP": 1521.503779,
    "USDLKR": 368.501922,
    "USDLRD": 154.000348,
    "USDLSL": 17.530382,
    "USDLTL": 2.95274,
    "USDLVL": 0.60489,
    "USDLYD": 4.860381,
    "USDMAD": 10.557248,
    "USDMDL": 19.585101,
    "USDMGA": 4369.518387,
    "USDMKD": 58.472123,
    "USDMMK": 2100.010249,
    "USDMNT": 3422.585137,
    "USDMOP": 8.01841,
    "USDMRO": 356.999828,
    "USDMUR": 43.650379,
    "USDMVR": 15.275039,
    "USDMWK": 1026.410439,
    "USDMXN": 19.391404,
    "USDMYR": 4.387504,
    "USDMZN": 63.830377,
    "USDNAD": 17.490377,
    "USDNGN": 444.170377,
    "USDNIO": 36.510558,
    "USDNOK": 9.765039,
    "USDNPR": 129.973903,
    "USDNZD": 1.55909,
    "USDOMR": 0.385072,
    "USDPAB": 1.000047,
    "USDPEN": 3.822349,
    "USDPGK": 3.52427,
    "USDPHP": 55.725039,
    "USDPKR": 224.326074,
    "USDPLN": 4.43685,
    "USDPYG": 7213.001186,
    "USDQAR": 3.641038,
    "USDRON": 4.671104,
    "USDRSD": 111.321471,
    "USDRUB": 62.50369,
    "USDRWF": 1082.391459,
    "USDSAR": 3.759048,
    "USDSBD": 8.230592,
    "USDSCR": 13.008683,
    "USDSDG": 568.503678,
    "USDSEK": 10.33253,
    "USDSGD": 1.352304,
    "USDSHP": 1.377404,
    "USDSLE": 18.440962,
    "USDSLL": 18425.000338,
    "USDSOS": 569.503664,
    "USDSRD": 31.569038,
    "USDSTD": 20697.981008,
    "USDSVC": 8.750652,
    "USDSYP": 2512.660701,
    "USDSZL": 17.372622,
    "USDTHB": 34.713038,
    "USDTJS": 10.065006,
    "USDTMT": 3.5,
    "USDTND": 3.228038,
    "USDTOP": 2.340104,
    "USDTRY": 18.633038,
    "USDTTD": 6.776275,
    "USDTWD": 30.552904,
    "USDTZS": 2333.000335,
    "USDUAH": 36.745148,
    "USDUGX": 3730.011862,
    "USDUYU": 39.404982,
    "USDUZS": 11257.18624,
    "USDVEF": 1123295.679437,
    "USDVES": 11.67715,
    "USDVND": 24365,
    "USDVUV": 117.882183,
    "USDWST": 2.695618,
    "USDXAF": 622.497746,
    "USDXAG": 0.043188,
    "USDXAU": 0.000556,
    "USDXCD": 2.70255,
    "USDXDR": 0.757106,
    "USDXOF": 622.497746,
    "USDXPF": 113.703595,
    "USDYER": 250.375037,
    "USDZAR": 17.555795,
    "USDZMK": 9001.203589,
    "USDZMW": 17.175042,
    "USDZWL": 321.999592
  }
}